"Plausibility","Control","Difficulty","ID"
2,3,3,"S 1 "
4,4,4,"S 1 "
4,1,4,"S 1 "
4,3,4,"S 1 "
4,4,4,"S 1 "
4,1,4,"S 1 "
4,2,3,"S 1 "
4,2,4,"S 1 "
3,4,3,"S 1 "
2,1,1,"S 1 "
2,2,2,"S 1 "
4,4,4,"S 1 "
2,1,2,"S 1 "
2,1,1,"S 1 "
4,4,4,"S 1 "
3,1,1,"S 1 "
NA,1,4,"S 1 "
1,2,2,"S 1 "
4,1,4,"S 1 "
2,1,2,"S 1 "
4,3,3,"S 1 "
1,1,1,"S 1 "
4,1,4,"S 1 "
4,3,2,"S 1 "
4,4,4,"S 1 "
4,1,4,"S 1 "
4,2,2,"S 1 "
4,4,4,"S 1 "
4,1,4,"S 1 "
4,3,2,"S 1 "
4,4,4,"S 1 "
4,3,2,"S 1 "
4,4,4,"S 1 "
4,1,4,"S 1 "
4,1,4,"S 1 "
4,4,4,"S 1 "
3,2,1,"S 1 "
4,4,3,"S 1 "
4,2,4,"S 1 "
4,1,4,"S 1 "
4,3,1,"S 1 "
4,4,4,"S 1 "
1,1,4,"S 1 "
3,1,4,"S 1 "
4,1,4,"S 1 "
4,4,4,"S 1 "
4,4,4,"S 1 "
4,4,4,"S 1 "
3,1,2,"S 1 "
3,2,1,"S 1 "
4,1,4,"S 1 "
2,4,3,"S 1 "
3,3,2,"S 1 "
4,1,4,"S 1 "
4,1,4,"S 1 "
1,3,1,"S 1 "
2,2,1,"S 1 "
1,1,2,"S 1 "
4,4,3,"S 1 "
1,1,1,"S 1 "
4,1,3,"S 1 "
1,3,2,"S 1 "
4,4,4,"S 1 "
3,1,3,"S 1 "
1,1,1,"S 2 "
3,3,4,"S 2 "
2,1,3,"S 2 "
3,2,3,"S 2 "
4,4,4,"S 2 "
2,1,3,"S 2 "
3,1,3,"S 2 "
2,1,3,"S 2 "
3,2,2,"S 2 "
4,4,4,"S 2 "
2,2,2,"S 2 "
4,4,4,"S 2 "
2,1,4,"S 2 "
4,3,4,"S 2 "
2,2,3,"S 2 "
2,1,2,"S 2 "
4,4,4,"S 2 "
1,1,1,"S 2 "
1,2,2,"S 2 "
3,4,4,"S 2 "
2,3,4,"S 2 "
1,1,2,"S 2 "
2,3,2,"S 2 "
3,4,4,"S 2 "
3,4,4,"S 2 "
2,3,2,"S 2 "
2,2,2,"S 2 "
4,4,4,"S 2 "
3,4,4,"S 2 "
2,1,2,"S 2 "
3,3,3,"S 2 "
1,4,2,"S 2 "
2,2,3,"S 2 "
2,4,3,"S 2 "
2,4,4,"S 2 "
1,1,2,"S 2 "
3,2,2,"S 2 "
4,4,4,"S 2 "
2,1,2,"S 2 "
2,1,3,"S 2 "
3,4,3,"S 2 "
2,4,4,"S 2 "
1,1,2,"S 2 "
2,1,2,"S 2 "
1,1,2,"S 2 "
3,4,4,"S 2 "
3,4,2,"S 2 "
3,4,2,"S 2 "
2,1,2,"S 2 "
4,4,3,"S 2 "
2,1,2,"S 2 "
4,4,4,"S 2 "
1,1,1,"S 2 "
2,4,3,"S 2 "
4,4,4,"S 2 "
3,1,2,"S 2 "
2,1,1,"S 2 "
2,3,3,"S 2 "
4,4,4,"S 2 "
2,2,2,"S 2 "
2,4,4,"S 2 "
3,4,3,"S 2 "
3,3,1,"S 2 "
1,1,2,"S 2 "
3,2,3,"S 3 "
2,2,2,"S 3 "
2,1,2,"S 3 "
3,3,4,"S 3 "
2,3,3,"S 3 "
1,2,3,"S 3 "
4,3,4,"S 3 "
3,1,2,"S 3 "
3,2,NA,"S 3 "
4,2,3,"S 3 "
2,2,NA,"S 3 "
3,3,4,"S 3 "
2,2,2,"S 3 "
3,3,2,"S 3 "
1,2,1,"S 3 "
4,3,3,"S 3 "
3,4,3,"S 3 "
4,2,4,"S 3 "
1,2,2,"S 3 "
4,3,4,"S 3 "
4,3,4,"S 3 "
4,2,4,"S 3 "
4,3,3,"S 3 "
3,2,4,"S 3 "
2,2,NA,"S 3 "
2,3,1,"S 3 "
3,NA,1,"S 3 "
2,3,2,"S 3 "
3,2,1,"S 3 "
NA,NA,2,"S 3 "
4,3,4,"S 3 "
2,2,NA,"S 3 "
4,3,4,"S 3 "
3,2,3,"S 3 "
4,2,3,"S 3 "
4,2,1,"S 3 "
4,3,4,"S 3 "
2,2,1,"S 3 "
3,3,4,"S 3 "
3,2,3,"S 3 "
3,4,4,"S 3 "
4,2,4,"S 3 "
3,2,2,"S 3 "
4,2,4,"S 3 "
2,3,NA,"S 3 "
3,1,NA,"S 3 "
4,4,3,"S 3 "
4,3,4,"S 3 "
1,2,3,"S 3 "
2,2,3,"S 3 "
3,2,3,"S 3 "
4,3,4,"S 3 "
4,NA,4,"S 3 "
2,3,2,"S 3 "
3,3,3,"S 3 "
3,3,3,"S 3 "
1,2,1,"S 3 "
3,4,NA,"S 3 "
4,2,4,"S 3 "
NA,3,4,"S 3 "
4,2,4,"S 3 "
2,1,1,"S 3 "
4,2,4,"S 3 "
2,3,2,"S 3 "
3,2,3,"S 4 "
3,4,3,"S 4 "
2,2,3,"S 4 "
3,4,4,"S 4 "
2,3,NA,"S 4 "
3,2,4,"S 4 "
2,2,3,"S 4 "
2,2,3,"S 4 "
2,4,1,"S 4 "
4,4,4,"S 4 "
2,2,3,"S 4 "
4,4,3,"S 4 "
3,1,3,"S 4 "
3,3,2,"S 4 "
4,4,4,"S 4 "
4,1,3,"S 4 "
3,3,3,"S 4 "
3,4,2,"S 4 "
2,2,3,"S 4 "
3,2,3,"S 4 "
2,2,3,"S 4 "
3,1,4,"S 4 "
3,2,4,"S 4 "
2,4,2,"S 4 "
3,3,3,"S 4 "
3,1,2,"S 4 "
4,4,4,"S 4 "
4,4,4,"S 4 "
3,1,3,"S 4 "
1,1,3,"S 4 "
3,4,2,"S 4 "
3,1,3,"S 4 "
4,4,4,"S 4 "
4,1,3,"S 4 "
3,1,2,"S 4 "
3,4,2,"S 4 "
2,2,3,"S 4 "
4,4,3,"S 4 "
3,1,3,"S 4 "
2,1,3,"S 4 "
4,4,4,"S 4 "
3,4,3,"S 4 "
3,1,3,"S 4 "
2,1,3,"S 4 "
3,1,4,"S 4 "
3,4,4,"S 4 "
3,4,4,"S 4 "
4,4,4,"S 4 "
1,1,1,"S 4 "
3,3,2,"S 4 "
3,2,3,"S 4 "
4,4,4,"S 4 "
4,1,2,"S 4 "
4,1,4,"S 4 "
1,1,3,"S 4 "
3,4,4,"S 4 "
2,4,2,"S 4 "
3,1,3,"S 4 "
4,4,4,"S 4 "
3,1,3,"S 4 "
1,1,4,"S 4 "
2,4,2,"S 4 "
3,4,4,"S 4 "
3,1,3,"S 4 "
4,4,4,"S 5 "
3,4,3,"S 5 "
3,1,3,"S 5 "
4,4,4,"S 5 "
4,4,3,"S 5 "
3,2,4,"S 5 "
4,1,4,"S 5 "
1,1,2,"S 5 "
4,4,2,"S 5 "
3,2,2,"S 5 "
3,1,2,"S 5 "
3,3,2,"S 5 "
4,4,3,"S 5 "
4,4,3,"S 5 "
4,4,4,"S 5 "
2,1,2,"S 5 "
4,4,4,"S 5 "
3,3,2,"S 5 "
3,3,2,"S 5 "
3,4,1,"S 5 "
3,2,3,"S 5 "
1,3,3,"S 5 "
4,4,4,"S 5 "
4,4,3,"S 5 "
3,4,2,"S 5 "
1,3,2,"S 5 "
4,4,3,"S 5 "
4,4,3,"S 5 "
2,1,3,"S 5 "
2,1,3,"S 5 "
1,2,2,"S 5 "
4,2,3,"S 5 "
4,4,3,"S 5 "
2,1,2,"S 5 "
4,2,4,"S 5 "
3,4,3,"S 5 "
4,1,3,"S 5 "
3,4,4,"S 5 "
4,1,3,"S 5 "
4,4,4,"S 5 "
4,3,2,"S 5 "
4,3,4,"S 5 "
3,3,2,"S 5 "
2,3,4,"S 5 "
4,4,4,"S 5 "
2,4,2,"S 5 "
1,4,1,"S 5 "
1,3,2,"S 5 "
3,2,4,"S 5 "
2,2,2,"S 5 "
3,1,4,"S 5 "
4,3,3,"S 5 "
1,1,1,"S 5 "
2,2,1,"S 5 "
1,1,3,"S 5 "
1,3,2,"S 5 "
4,4,3,"S 5 "
4,3,4,"S 5 "
2,4,2,"S 5 "
2,1,3,"S 5 "
4,4,4,"S 5 "
3,3,3,"S 5 "
3,1,1,"S 5 "
4,2,4,"S 5 "
3,2,3,"S 7 "
4,3,2,"S 7 "
4,2,2,"S 7 "
2,2,3,"S 7 "
3,3,3,"S 7 "
3,2,2,"S 7 "
4,3,3,"S 7 "
2,2,2,"S 7 "
2,2,2,"S 7 "
3,3,2,"S 7 "
2,3,3,"S 7 "
4,3,3,"S 7 "
3,3,2,"S 7 "
2,1,2,"S 7 "
1,2,3,"S 7 "
3,2,3,"S 7 "
3,1,3,"S 7 "
2,3,2,"S 7 "
2,2,3,"S 7 "
4,3,4,"S 7 "
3,3,4,"S 7 "
4,3,3,"S 7 "
3,3,4,"S 7 "
2,1,1,"S 7 "
4,4,3,"S 7 "
3,3,4,"S 7 "
3,3,3,"S 7 "
2,1,1,"S 7 "
2,2,2,"S 7 "
3,3,NA,"S 7 "
3,3,2,"S 7 "
2,2,3,"S 7 "
3,3,3,"S 7 "
4,2,3,"S 7 "
3,2,3,"S 7 "
3,3,4,"S 7 "
4,2,3,"S 7 "
2,3,3,"S 7 "
3,2,4,"S 7 "
2,2,2,"S 7 "
3,3,3,"S 7 "
3,2,2,"S 7 "
3,2,3,"S 7 "
4,2,4,"S 7 "
3,1,2,"S 7 "
NA,1,1,"S 7 "
3,3,3,"S 7 "
3,2,3,"S 7 "
3,1,3,"S 7 "
3,3,2,"S 7 "
3,1,2,"S 7 "
3,3,2,"S 7 "
3,2,3,"S 7 "
3,2,3,"S 7 "
3,1,4,"S 7 "
2,2,1,"S 7 "
2,NA,1,"S 7 "
2,2,3,"S 7 "
2,3,3,"S 7 "
3,1,3,"S 7 "
2,1,3,"S 7 "
2,2,2,"S 7 "
3,4,3,"S 7 "
3,2,2,"S 7 "
2,2,1,"S 8 "
3,3,3,"S 8 "
2,2,1,"S 8 "
1,1,2,"S 8 "
3,2,2,"S 8 "
3,2,3,"S 8 "
3,2,2,"S 8 "
2,2,1,"S 8 "
2,3,2,"S 8 "
3,4,3,"S 8 "
3,1,3,"S 8 "
2,3,4,"S 8 "
2,3,3,"S 8 "
4,3,3,"S 8 "
4,4,3,"S 8 "
2,1,2,"S 8 "
3,4,3,"S 8 "
3,4,2,"S 8 "
2,1,3,"S 8 "
4,4,3,"S 8 "
4,1,2,"S 8 "
2,2,1,"S 8 "
4,1,2,"S 8 "
4,3,2,"S 8 "
3,3,4,"S 8 "
4,2,2,"S 8 "
3,4,2,"S 8 "
2,4,1,"S 8 "
3,1,2,"S 8 "
1,1,3,"S 8 "
3,4,2,"S 8 "
4,1,2,"S 8 "
4,2,4,"S 8 "
4,1,2,"S 8 "
3,2,4,"S 8 "
4,4,2,"S 8 "
4,1,1,"S 8 "
3,4,2,"S 8 "
3,1,2,"S 8 "
3,2,1,"S 8 "
4,4,3,"S 8 "
3,4,4,"S 8 "
1,1,2,"S 8 "
1,2,2,"S 8 "
3,1,1,"S 8 "
4,3,4,"S 8 "
3,4,3,"S 8 "
4,4,2,"S 8 "
4,2,3,"S 8 "
3,4,3,"S 8 "
2,1,2,"S 8 "
2,4,2,"S 8 "
4,4,3,"S 8 "
2,1,1,"S 8 "
2,1,2,"S 8 "
4,3,2,"S 8 "
2,3,2,"S 8 "
2,2,2,"S 8 "
4,2,1,"S 8 "
1,1,2,"S 8 "
2,3,2,"S 8 "
4,4,4,"S 8 "
4,4,2,"S 8 "
2,2,3,"S 8 "
2,1,4,"S 9 "
1,3,4,"S 9 "
1,1,4,"S 9 "
1,1,4,"S 9 "
4,2,4,"S 9 "
1,4,4,"S 9 "
1,1,4,"S 9 "
1,1,4,"S 9 "
NA,3,3,"S 9 "
2,1,4,"S 9 "
2,2,4,"S 9 "
4,4,3,"S 9 "
2,2,4,"S 9 "
4,4,3,"S 9 "
4,4,3,"S 9 "
1,1,4,"S 9 "
4,4,4,"S 9 "
4,4,4,"S 9 "
2,1,3,"S 9 "
4,4,4,"S 9 "
1,1,3,"S 9 "
3,1,4,"S 9 "
3,1,4,"S 9 "
3,4,2,"S 9 "
4,4,4,"S 9 "
1,1,2,"S 9 "
4,4,4,"S 9 "
4,4,4,"S 9 "
2,1,4,"S 9 "
1,1,4,"S 9 "
4,4,3,"S 9 "
1,1,3,"S 9 "
2,3,3,"S 9 "
3,1,3,"S 9 "
1,1,4,"S 9 "
3,4,3,"S 9 "
3,3,3,"S 9 "
2,2,2,"S 9 "
1,1,2,"S 9 "
1,1,2,"S 9 "
4,4,4,"S 9 "
3,3,4,"S 9 "
2,1,4,"S 9 "
3,1,4,"S 9 "
3,2,4,"S 9 "
4,3,3,"S 9 "
3,4,4,"S 9 "
3,4,4,"S 9 "
3,1,4,"S 9 "
1,1,4,"S 9 "
1,1,3,"S 9 "
3,4,4,"S 9 "
2,4,4,"S 9 "
3,1,3,"S 9 "
1,1,4,"S 9 "
2,3,2,"S 9 "
1,4,1,"S 9 "
1,1,3,"S 9 "
2,4,4,"S 9 "
2,1,4,"S 9 "
2,2,4,"S 9 "
2,2,1,"S 9 "
1,4,3,"S 9 "
2,1,3,"S 9 "
4,2,4,"S 10 "
4,4,4,"S 10 "
NA,NA,NA,"S 10 "
3,2,4,"S 10 "
4,4,4,"S 10 "
2,1,3,"S 10 "
2,1,3,"S 10 "
2,1,4,"S 10 "
NA,3,4,"S 10 "
1,1,1,"S 10 "
4,NA,3,"S 10 "
4,4,4,"S 10 "
2,3,3,"S 10 "
4,4,4,"S 10 "
4,4,4,"S 10 "
NA,1,4,"S 10 "
4,2,4,"S 10 "
4,4,4,"S 10 "
4,1,4,"S 10 "
4,4,3,"S 10 "
4,2,4,"S 10 "
3,1,4,"S 10 "
2,2,4,"S 10 "
4,4,4,"S 10 "
4,3,4,"S 10 "
4,2,4,"S 10 "
4,2,4,"S 10 "
3,3,4,"S 10 "
3,2,4,"S 10 "
3,1,4,"S 10 "
4,4,4,"S 10 "
NA,NA,NA,"S 10 "
1,2,1,"S 10 "
2,1,4,"S 10 "
4,1,4,"S 10 "
3,2,1,"S 10 "
1,NA,1,"S 10 "
4,4,4,"S 10 "
3,1,3,"S 10 "
4,2,4,"S 10 "
4,4,4,"S 10 "
4,4,4,"S 10 "
4,1,4,"S 10 "
4,1,3,"S 10 "
3,2,4,"S 10 "
3,2,2,"S 10 "
2,2,1,"S 10 "
4,4,4,"S 10 "
4,1,4,"S 10 "
4,4,4,"S 10 "
3,1,3,"S 10 "
4,4,4,"S 10 "
1,1,1,"S 10 "
4,1,4,"S 10 "
3,1,3,"S 10 "
4,2,2,"S 10 "
4,4,4,"S 10 "
1,1,2,"S 10 "
4,4,4,"S 10 "
NA,NA,NA,"S 10 "
NA,2,4,"S 10 "
4,4,4,"S 10 "
3,1,1,"S 10 "
4,1,4,"S 10 "
1,2,3,"S 11 "
4,3,4,"S 11 "
1,1,2,"S 11 "
3,3,4,"S 11 "
3,4,3,"S 11 "
3,3,3,"S 11 "
2,2,4,"S 11 "
1,1,4,"S 11 "
2,1,2,"S 11 "
3,3,3,"S 11 "
2,2,3,"S 11 "
2,4,3,"S 11 "
3,2,3,"S 11 "
3,4,4,"S 11 "
2,1,3,"S 11 "
1,2,3,"S 11 "
3,4,4,"S 11 "
4,4,4,"S 11 "
2,3,4,"S 11 "
3,3,2,"S 11 "
2,2,3,"S 11 "
2,2,4,"S 11 "
2,1,3,"S 11 "
3,2,2,"S 11 "
3,3,2,"S 11 "
2,1,4,"S 11 "
2,2,3,"S 11 "
3,2,1,"S 11 "
2,2,4,"S 11 "
2,3,2,"S 11 "
3,4,3,"S 11 "
2,4,3,"S 11 "
3,2,3,"S 11 "
2,3,3,"S 11 "
3,4,3,"S 11 "
3,4,2,"S 11 "
1,1,4,"S 11 "
2,3,2,"S 11 "
2,3,3,"S 11 "
2,3,3,"S 11 "
2,4,3,"S 11 "
2,3,3,"S 11 "
2,1,3,"S 11 "
3,2,3,"S 11 "
1,2,2,"S 11 "
2,2,1,"S 11 "
4,4,2,"S 11 "
3,3,2,"S 11 "
1,2,4,"S 11 "
3,2,3,"S 11 "
1,2,2,"S 11 "
3,3,3,"S 11 "
4,3,2,"S 11 "
1,3,4,"S 11 "
2,2,3,"S 11 "
2,2,2,"S 11 "
3,4,2,"S 11 "
3,4,3,"S 11 "
2,4,2,"S 11 "
1,1,3,"S 11 "
2,2,3,"S 11 "
1,1,4,"S 11 "
3,3,3,"S 11 "
2,2,4,"S 11 "
4,3,3,"S 12 "
4,4,2,"S 12 "
4,3,3,"S 12 "
1,1,1,"S 12 "
3,3,2,"S 12 "
3,3,2,"S 12 "
4,3,4,"S 12 "
4,3,NA,"S 12 "
4,4,4,"S 12 "
3,2,3,"S 12 "
3,3,1,"S 12 "
4,4,4,"S 12 "
3,4,2,"S 12 "
3,4,2,"S 12 "
3,4,4,"S 12 "
3,3,3,"S 12 "
3,4,2,"S 12 "
3,3,2,"S 12 "
1,2,1,"S 12 "
2,2,2,"S 12 "
3,3,2,"S 12 "
1,1,2,"S 12 "
1,1,1,"S 12 "
3,4,4,"S 12 "
2,3,3,"S 12 "
1,3,2,"S 12 "
NA,3,2,"S 12 "
4,4,4,"S 12 "
3,3,2,"S 12 "
NA,1,1,"S 12 "
3,4,3,"S 12 "
NA,2,2,"S 12 "
4,4,2,"S 12 "
3,2,2,"S 12 "
3,1,3,"S 12 "
4,4,4,"S 12 "
4,2,2,"S 12 "
2,2,3,"S 12 "
4,2,3,"S 12 "
1,1,3,"S 12 "
3,4,3,"S 12 "
4,4,4,"S 12 "
2,1,NA,"S 12 "
2,1,3,"S 12 "
NA,1,NA,"S 12 "
1,1,2,"S 12 "
1,2,2,"S 12 "
1,4,3,"S 12 "
1,1,3,"S 12 "
3,2,2,"S 12 "
1,1,1,"S 12 "
2,3,3,"S 12 "
3,1,3,"S 12 "
4,2,3,"S 12 "
4,3,2,"S 12 "
4,4,4,"S 12 "
NA,1,1,"S 12 "
1,1,2,"S 12 "
2,4,2,"S 12 "
1,1,2,"S 12 "
1,1,1,"S 12 "
4,4,2,"S 12 "
4,NA,2,"S 12 "
2,4,3,"S 12 "
NA,2,1,"S 15 "
3,2,2,"S 15 "
2,2,3,"S 15 "
4,3,3,"S 15 "
4,3,3,"S 15 "
2,2,2,"S 15 "
3,2,3,"S 15 "
3,2,4,"S 15 "
1,2,2,"S 15 "
2,2,3,"S 15 "
3,2,3,"S 15 "
3,4,4,"S 15 "
NA,2,3,"S 15 "
3,3,2,"S 15 "
2,2,2,"S 15 "
3,3,4,"S 15 "
4,4,4,"S 15 "
3,3,3,"S 15 "
3,2,3,"S 15 "
3,2,3,"S 15 "
3,2,3,"S 15 "
4,2,3,"S 15 "
3,2,3,"S 15 "
2,3,2,"S 15 "
3,3,3,"S 15 "
3,3,2,"S 15 "
2,3,2,"S 15 "
3,3,3,"S 15 "
3,3,2,"S 15 "
3,3,2,"S 15 "
2,2,3,"S 15 "
3,2,4,"S 15 "
3,3,3,"S 15 "
2,2,3,"S 15 "
3,2,3,"S 15 "
4,3,3,"S 15 "
3,2,3,"S 15 "
4,3,3,"S 15 "
2,3,2,"S 15 "
3,2,3,"S 15 "
3,3,4,"S 15 "
3,3,3,"S 15 "
3,2,3,"S 15 "
3,3,2,"S 15 "
3,2,4,"S 15 "
3,2,4,"S 15 "
3,2,3,"S 15 "
3,2,3,"S 15 "
2,2,2,"S 15 "
3,2,2,"S 15 "
3,2,3,"S 15 "
4,3,4,"S 15 "
3,2,3,"S 15 "
2,2,2,"S 15 "
2,3,2,"S 15 "
3,2,3,"S 15 "
3,3,3,"S 15 "
3,2,4,"S 15 "
3,3,3,"S 15 "
3,2,4,"S 15 "
3,2,3,"S 15 "
3,2,4,"S 15 "
3,3,4,"S 15 "
2,2,3,"S 15 "
3,2,1,"S 16 "
1,3,4,"S 16 "
3,NA,3,"S 16 "
NA,3,4,"S 16 "
3,4,4,"S 16 "
1,NA,2,"S 16 "
4,1,4,"S 16 "
3,3,4,"S 16 "
2,2,2,"S 16 "
3,4,4,"S 16 "
4,2,3,"S 16 "
4,4,4,"S 16 "
3,2,3,"S 16 "
3,4,3,"S 16 "
2,4,4,"S 16 "
2,2,2,"S 16 "
3,4,4,"S 16 "
2,4,4,"S 16 "
4,1,4,"S 16 "
4,3,4,"S 16 "
2,2,2,"S 16 "
3,1,3,"S 16 "
3,NA,3,"S 16 "
2,4,3,"S 16 "
2,2,2,"S 16 "
4,1,2,"S 16 "
2,4,3,"S 16 "
3,4,3,"S 16 "
NA,3,1,"S 16 "
4,2,3,"S 16 "
NA,4,3,"S 16 "
3,1,4,"S 16 "
3,4,2,"S 16 "
2,NA,2,"S 16 "
2,1,4,"S 16 "
4,4,3,"S 16 "
2,1,3,"S 16 "
2,3,1,"S 16 "
4,1,4,"S 16 "
3,1,3,"S 16 "
1,4,3,"S 16 "
3,4,2,"S 16 "
2,1,3,"S 16 "
2,1,3,"S 16 "
3,1,3,"S 16 "
2,2,2,"S 16 "
3,3,3,"S 16 "
3,3,3,"S 16 "
2,NA,2,"S 16 "
4,4,3,"S 16 "
2,4,2,"S 16 "
3,3,3,"S 16 "
2,4,3,"S 16 "
1,3,3,"S 16 "
4,1,3,"S 16 "
3,4,2,"S 16 "
2,1,2,"S 16 "
3,1,3,"S 16 "
3,4,3,"S 16 "
2,2,2,"S 16 "
1,1,3,"S 16 "
1,3,3,"S 16 "
3,4,3,"S 16 "
2,2,2,"S 16 "
2,2,2,"S 17 "
2,1,1,"S 17 "
3,2,2,"S 17 "
1,1,1,"S 17 "
4,4,2,"S 17 "
3,4,3,"S 17 "
4,4,2,"S 17 "
3,2,2,"S 17 "
4,3,2,"S 17 "
4,4,3,"S 17 "
3,2,2,"S 17 "
3,3,2,"S 17 "
4,1,1,"S 17 "
3,3,2,"S 17 "
4,3,3,"S 17 "
4,2,2,"S 17 "
4,4,4,"S 17 "
3,1,1,"S 17 "
3,1,1,"S 17 "
4,4,3,"S 17 "
4,1,2,"S 17 "
4,3,2,"S 17 "
3,3,2,"S 17 "
2,1,1,"S 17 "
2,3,2,"S 17 "
3,4,2,"S 17 "
4,3,3,"S 17 "
2,2,1,"S 17 "
3,3,1,"S 17 "
NA,1,1,"S 17 "
3,4,2,"S 17 "
3,1,3,"S 17 "
3,1,1,"S 17 "
2,2,1,"S 17 "
3,1,1,"S 17 "
3,1,1,"S 17 "
3,1,2,"S 17 "
3,2,2,"S 17 "
1,1,1,"S 17 "
3,2,2,"S 17 "
4,4,1,"S 17 "
2,3,2,"S 17 "
2,1,1,"S 17 "
3,2,3,"S 17 "
3,1,2,"S 17 "
3,1,3,"S 17 "
2,2,1,"S 17 "
3,3,1,"S 17 "
4,1,1,"S 17 "
4,4,4,"S 17 "
4,3,2,"S 17 "
4,3,2,"S 17 "
3,1,1,"S 17 "
4,3,3,"S 17 "
4,2,2,"S 17 "
3,1,2,"S 17 "
2,1,2,"S 17 "
3,2,2,"S 17 "
2,1,1,"S 17 "
2,1,1,"S 17 "
2,2,1,"S 17 "
4,4,3,"S 17 "
3,1,1,"S 17 "
4,1,1,"S 17 "
1,1,3,"S 18 "
3,4,4,"S 18 "
2,1,1,"S 18 "
4,4,2,"S 18 "
3,3,4,"S 18 "
1,2,3,"S 18 "
1,1,1,"S 18 "
2,1,2,"S 18 "
3,4,4,"S 18 "
1,NA,1,"S 18 "
1,2,2,"S 18 "
4,4,2,"S 18 "
1,1,3,"S 18 "
4,4,4,"S 18 "
4,4,4,"S 18 "
3,1,4,"S 18 "
4,4,4,"S 18 "
2,3,3,"S 18 "
1,1,2,"S 18 "
3,4,4,"S 18 "
1,1,3,"S 18 "
1,1,2,"S 18 "
1,1,1,"S 18 "
2,3,2,"S 18 "
3,4,4,"S 18 "
2,1,3,"S 18 "
1,1,2,"S 18 "
3,4,3,"S 18 "
1,1,4,"S 18 "
1,1,4,"S 18 "
2,4,4,"S 18 "
2,1,2,"S 18 "
4,3,4,"S 18 "
1,1,1,"S 18 "
1,1,3,"S 18 "
3,4,3,"S 18 "
1,1,1,"S 18 "
4,4,4,"S 18 "
2,1,4,"S 18 "
1,1,2,"S 18 "
3,4,4,"S 18 "
4,4,4,"S 18 "
1,1,4,"S 18 "
1,1,3,"S 18 "
1,1,3,"S 18 "
3,4,4,"S 18 "
2,4,2,"S 18 "
2,4,4,"S 18 "
1,1,4,"S 18 "
4,4,4,"S 18 "
1,1,4,"S 18 "
4,4,4,"S 18 "
NA,3,2,"S 18 "
1,1,4,"S 18 "
1,1,4,"S 18 "
4,4,3,"S 18 "
2,NA,2,"S 18 "
1,1,1,"S 18 "
2,3,2,"S 18 "
2,1,1,"S 18 "
1,1,4,"S 18 "
3,3,2,"S 18 "
1,2,2,"S 18 "
1,1,1,"S 18 "
3,4,3,"S 20 "
3,3,3,"S 20 "
2,1,3,"S 20 "
2,2,2,"S 20 "
4,4,4,"S 20 "
3,1,4,"S 20 "
1,2,3,"S 20 "
3,1,4,"S 20 "
3,3,2,"S 20 "
3,4,3,"S 20 "
1,1,4,"S 20 "
3,4,3,"S 20 "
2,1,4,"S 20 "
4,4,4,"S 20 "
2,1,1,"S 20 "
2,2,1,"S 20 "
1,2,4,"S 20 "
2,4,3,"S 20 "
3,1,4,"S 20 "
4,4,3,"S 20 "
2,1,3,"S 20 "
2,1,4,"S 20 "
1,1,4,"S 20 "
2,2,2,"S 20 "
4,4,4,"S 20 "
2,1,1,"S 20 "
4,4,4,"S 20 "
3,3,3,"S 20 "
1,1,4,"S 20 "
2,1,3,"S 20 "
2,4,4,"S 20 "
2,1,4,"S 20 "
3,4,4,"S 20 "
2,1,3,"S 20 "
1,1,3,"S 20 "
2,2,1,"S 20 "
3,2,3,"S 20 "
4,4,4,"S 20 "
1,1,3,"S 20 "
2,3,1,"S 20 "
3,4,4,"S 20 "
2,4,4,"S 20 "
2,1,2,"S 20 "
3,1,4,"S 20 "
2,1,4,"S 20 "
2,2,3,"S 20 "
2,2,3,"S 20 "
2,3,2,"S 20 "
2,1,4,"S 20 "
2,3,3,"S 20 "
2,1,2,"S 20 "
2,3,3,"S 20 "
2,2,1,"S 20 "
2,1,4,"S 20 "
2,1,1,"S 20 "
1,2,4,"S 20 "
1,3,2,"S 20 "
2,1,4,"S 20 "
1,3,2,"S 20 "
2,1,4,"S 20 "
1,1,4,"S 20 "
2,2,2,"S 20 "
4,4,4,"S 20 "
2,1,4,"S 20 "
2,3,2,"S 21 "
3,3,3,"S 21 "
3,NA,1,"S 21 "
3,2,2,"S 21 "
4,4,4,"S 21 "
3,2,4,"S 21 "
3,2,3,"S 21 "
3,2,3,"S 21 "
3,3,2,"S 21 "
NA,2,2,"S 21 "
2,3,2,"S 21 "
3,4,2,"S 21 "
3,2,4,"S 21 "
2,2,2,"S 21 "
2,2,2,"S 21 "
2,2,2,"S 21 "
2,3,2,"S 21 "
3,2,3,"S 21 "
2,2,3,"S 21 "
3,3,3,"S 21 "
3,2,4,"S 21 "
4,3,3,"S 21 "
2,2,4,"S 21 "
2,1,2,"S 21 "
4,3,3,"S 21 "
3,3,3,"S 21 "
4,4,4,"S 21 "
3,3,4,"S 21 "
3,2,3,"S 21 "
2,1,3,"S 21 "
3,3,2,"S 21 "
2,NA,2,"S 21 "
3,2,4,"S 21 "
NA,NA,NA,"S 21 "
3,4,3,"S 21 "
3,2,3,"S 21 "
3,2,3,"S 21 "
3,3,2,"S 21 "
4,3,3,"S 21 "
NA,3,2,"S 21 "
3,2,4,"S 21 "
4,3,4,"S 21 "
3,1,4,"S 21 "
2,3,1,"S 21 "
2,2,2,"S 21 "
3,2,3,"S 21 "
3,3,3,"S 21 "
3,4,3,"S 21 "
4,1,3,"S 21 "
4,3,3,"S 21 "
3,2,2,"S 21 "
3,3,2,"S 21 "
1,1,1,"S 21 "
2,2,2,"S 21 "
3,3,3,"S 21 "
2,1,1,"S 21 "
2,1,2,"S 21 "
1,1,2,"S 21 "
3,2,2,"S 21 "
2,1,3,"S 21 "
3,3,4,"S 21 "
2,3,3,"S 21 "
4,4,4,"S 21 "
3,2,3,"S 21 "
3,3,2,"S 22 "
4,4,2,"S 22 "
2,3,1,"S 22 "
2,2,3,"S 22 "
2,3,2,"S 22 "
3,2,2,"S 22 "
3,1,3,"S 22 "
2,1,4,"S 22 "
2,3,1,"S 22 "
3,2,2,"S 22 "
2,2,4,"S 22 "
4,2,4,"S 22 "
2,4,4,"S 22 "
2,4,4,"S 22 "
1,1,3,"S 22 "
3,3,4,"S 22 "
4,4,4,"S 22 "
3,2,2,"S 22 "
3,4,4,"S 22 "
4,3,4,"S 22 "
3,3,4,"S 22 "
1,4,2,"S 22 "
1,3,4,"S 22 "
4,1,2,"S 22 "
2,4,2,"S 22 "
2,2,3,"S 22 "
3,4,2,"S 22 "
3,3,2,"S 22 "
3,3,NA,"S 22 "
3,1,2,"S 22 "
3,4,4,"S 22 "
3,3,1,"S 22 "
4,4,4,"S 22 "
4,3,4,"S 22 "
1,3,2,"S 22 "
4,2,4,"S 22 "
3,4,3,"S 22 "
3,2,4,"S 22 "
1,1,3,"S 22 "
4,1,4,"S 22 "
4,2,4,"S 22 "
3,4,3,"S 22 "
2,1,1,"S 22 "
3,3,4,"S 22 "
4,3,4,"S 22 "
4,2,3,"S 22 "
3,4,2,"S 22 "
1,4,3,"S 22 "
3,2,3,"S 22 "
2,4,4,"S 22 "
3,1,4,"S 22 "
2,4,1,"S 22 "
2,3,2,"S 22 "
4,3,2,"S 22 "
3,4,1,"S 22 "
4,3,1,"S 22 "
4,1,1,"S 22 "
1,1,3,"S 22 "
4,4,3,"S 22 "
3,1,3,"S 22 "
3,4,3,"S 22 "
4,2,3,"S 22 "
4,3,1,"S 22 "
2,4,3,"S 22 "
4,1,1,"S 23 "
NA,3,4,"S 23 "
2,1,2,"S 23 "
2,1,1,"S 23 "
4,4,4,"S 23 "
2,1,2,"S 23 "
2,1,1,"S 23 "
3,2,3,"S 23 "
3,2,2,"S 23 "
4,NA,3,"S 23 "
1,1,1,"S 23 "
4,3,4,"S 23 "
2,2,2,"S 23 "
4,4,4,"S 23 "
3,2,3,"S 23 "
1,1,1,"S 23 "
3,2,2,"S 23 "
3,2,2,"S 23 "
1,1,1,"S 23 "
2,3,2,"S 23 "
3,1,2,"S 23 "
2,1,2,"S 23 "
3,2,3,"S 23 "
3,3,4,"S 23 "
4,4,4,"S 23 "
1,1,1,"S 23 "
4,3,3,"S 23 "
2,3,1,"S 23 "
3,2,2,"S 23 "
3,2,3,"S 23 "
3,3,3,"S 23 "
2,1,1,"S 23 "
4,4,4,"S 23 "
2,1,2,"S 23 "
2,1,2,"S 23 "
3,3,2,"S 23 "
3,1,3,"S 23 "
2,2,1,"S 23 "
2,2,2,"S 23 "
1,1,1,"S 23 "
4,3,4,"S 23 "
4,4,4,"S 23 "
2,1,1,"S 23 "
1,1,2,"S 23 "
3,2,3,"S 23 "
4,3,3,"S 23 "
3,4,3,"S 23 "
2,2,2,"S 23 "
4,2,3,"S 23 "
4,4,4,"S 23 "
1,2,1,"S 23 "
1,1,1,"S 23 "
4,3,3,"S 23 "
3,1,3,"S 23 "
2,1,2,"S 23 "
2,4,3,"S 23 "
4,3,4,"S 23 "
3,2,2,"S 23 "
4,4,4,"S 23 "
2,1,1,"S 23 "
3,1,3,"S 23 "
4,3,3,"S 23 "
3,3,3,"S 23 "
3,1,2,"S 23 "
4,1,2,"S 24 "
3,4,4,"S 24 "
4,2,4,"S 24 "
1,1,2,"S 24 "
3,4,3,"S 24 "
1,3,1,"S 24 "
1,1,3,"S 24 "
3,3,4,"S 24 "
1,3,4,"S 24 "
4,4,4,"S 24 "
2,1,3,"S 24 "
4,4,4,"S 24 "
1,2,3,"S 24 "
2,3,3,"S 24 "
4,4,4,"S 24 "
3,2,4,"S 24 "
4,4,4,"S 24 "
3,4,3,"S 24 "
1,1,4,"S 24 "
3,4,4,"S 24 "
2,1,1,"S 24 "
2,3,3,"S 24 "
1,1,2,"S 24 "
2,2,3,"S 24 "
4,4,4,"S 24 "
1,2,2,"S 24 "
4,4,4,"S 24 "
4,3,4,"S 24 "
3,1,3,"S 24 "
1,1,2,"S 24 "
4,4,4,"S 24 "
1,1,4,"S 24 "
4,4,4,"S 24 "
1,2,3,"S 24 "
3,1,2,"S 24 "
2,4,3,"S 24 "
1,1,2,"S 24 "
2,4,4,"S 24 "
1,1,4,"S 24 "
2,2,4,"S 24 "
2,4,3,"S 24 "
1,3,4,"S 24 "
1,1,2,"S 24 "
4,1,2,"S 24 "
2,1,3,"S 24 "
3,4,2,"S 24 "
1,3,2,"S 24 "
1,3,2,"S 24 "
1,1,4,"S 24 "
2,4,3,"S 24 "
1,2,2,"S 24 "
2,4,4,"S 24 "
4,4,3,"S 24 "
1,1,2,"S 24 "
3,1,3,"S 24 "
2,2,2,"S 24 "
4,4,3,"S 24 "
2,2,3,"S 24 "
4,4,4,"S 24 "
3,2,3,"S 24 "
3,1,2,"S 24 "
1,4,2,"S 24 "
3,4,2,"S 24 "
3,1,2,"S 24 "
2,1,4,"S 25 "
2,3,3,"S 25 "
2,4,2,"S 25 "
3,2,3,"S 25 "
4,3,4,"S 25 "
2,3,3,"S 25 "
1,2,3,"S 25 "
1,1,4,"S 25 "
3,4,3,"S 25 "
3,2,2,"S 25 "
4,1,3,"S 25 "
4,4,4,"S 25 "
1,1,2,"S 25 "
4,3,3,"S 25 "
4,2,4,"S 25 "
3,3,2,"S 25 "
3,4,4,"S 25 "
3,4,3,"S 25 "
1,2,NA,"S 25 "
1,1,4,"S 25 "
2,2,4,"S 25 "
2,1,3,"S 25 "
2,1,3,"S 25 "
1,4,3,"S 25 "
1,3,3,"S 25 "
1,1,3,"S 25 "
1,2,4,"S 25 "
1,1,3,"S 25 "
4,1,3,"S 25 "
3,1,2,"S 25 "
4,3,3,"S 25 "
2,1,3,"S 25 "
2,4,4,"S 25 "
1,1,3,"S 25 "
1,2,3,"S 25 "
3,2,3,"S 25 "
1,1,2,"S 25 "
4,2,4,"S 25 "
4,2,3,"S 25 "
1,2,3,"S 25 "
3,3,2,"S 25 "
4,2,3,"S 25 "
3,2,3,"S 25 "
1,3,2,"S 25 "
2,3,2,"S 25 "
1,1,3,"S 25 "
3,2,3,"S 25 "
2,1,2,"S 25 "
2,2,4,"S 25 "
2,3,2,"S 25 "
4,1,3,"S 25 "
2,2,3,"S 25 "
1,2,3,"S 25 "
1,4,3,"S 25 "
2,3,3,"S 25 "
1,1,2,"S 25 "
1,3,3,"S 25 "
1,1,3,"S 25 "
4,4,3,"S 25 "
2,1,3,"S 25 "
2,3,3,"S 25 "
1,1,2,"S 25 "
4,3,3,"S 25 "
1,2,2,"S 25 "
NA,1,1,"S 26 "
3,4,2,"S 26 "
4,3,3,"S 26 "
2,1,1,"S 26 "
4,4,4,"S 26 "
2,2,4,"S 26 "
2,1,3,"S 26 "
2,1,4,"S 26 "
3,4,2,"S 26 "
2,4,3,"S 26 "
1,1,4,"S 26 "
4,4,4,"S 26 "
1,1,4,"S 26 "
3,4,3,"S 26 "
3,1,2,"S 26 "
1,1,3,"S 26 "
4,4,4,"S 26 "
1,1,2,"S 26 "
1,3,4,"S 26 "
2,4,4,"S 26 "
3,1,4,"S 26 "
1,1,4,"S 26 "
1,1,3,"S 26 "
3,1,4,"S 26 "
2,4,4,"S 26 "
2,1,3,"S 26 "
2,4,3,"S 26 "
3,4,4,"S 26 "
1,1,4,"S 26 "
3,1,4,"S 26 "
3,4,4,"S 26 "
1,1,4,"S 26 "
3,4,4,"S 26 "
4,4,4,"S 26 "
3,1,4,"S 26 "
2,4,4,"S 26 "
1,1,4,"S 26 "
3,4,4,"S 26 "
2,1,4,"S 26 "
2,1,4,"S 26 "
3,4,4,"S 26 "
4,4,4,"S 26 "
3,1,4,"S 26 "
3,1,4,"S 26 "
3,1,4,"S 26 "
2,3,1,"S 26 "
3,4,4,"S 26 "
4,4,4,"S 26 "
3,1,4,"S 26 "
3,4,4,"S 26 "
3,1,4,"S 26 "
4,4,4,"S 26 "
1,4,2,"S 26 "
4,1,4,"S 26 "
4,1,4,"S 26 "
1,2,2,"S 26 "
2,4,4,"S 26 "
1,1,4,"S 26 "
4,4,4,"S 26 "
1,1,4,"S 26 "
1,1,4,"S 26 "
1,4,4,"S 26 "
2,4,4,"S 26 "
3,1,4,"S 26 "
1,1,1,"S 27 "
3,3,4,"S 27 "
1,1,1,"S 27 "
2,4,2,"S 27 "
3,4,4,"S 27 "
1,1,1,"S 27 "
1,1,1,"S 27 "
2,1,3,"S 27 "
3,3,3,"S 27 "
4,4,4,"S 27 "
1,1,2,"S 27 "
3,4,3,"S 27 "
1,1,2,"S 27 "
3,3,2,"S 27 "
3,3,4,"S 27 "
4,1,4,"S 27 "
4,4,3,"S 27 "
3,4,3,"S 27 "
2,2,2,"S 27 "
4,4,3,"S 27 "
1,1,2,"S 27 "
1,1,1,"S 27 "
4,3,4,"S 27 "
4,4,3,"S 27 "
4,4,4,"S 27 "
1,1,2,"S 27 "
4,4,3,"S 27 "
4,4,4,"S 27 "
2,2,3,"S 27 "
1,1,1,"S 27 "
4,4,3,"S 27 "
1,2,3,"S 27 "
4,3,4,"S 27 "
1,1,1,"S 27 "
1,1,1,"S 27 "
4,4,4,"S 27 "
1,1,2,"S 27 "
4,2,3,"S 27 "
2,1,3,"S 27 "
3,1,2,"S 27 "
4,4,4,"S 27 "
4,4,3,"S 27 "
4,1,2,"S 27 "
3,3,4,"S 27 "
4,1,3,"S 27 "
4,1,3,"S 27 "
4,4,4,"S 27 "
4,4,4,"S 27 "
2,1,4,"S 27 "
4,4,4,"S 27 "
3,2,4,"S 27 "
4,4,4,"S 27 "
4,4,4,"S 27 "
1,1,1,"S 27 "
1,1,1,"S 27 "
4,4,4,"S 27 "
4,3,2,"S 27 "
1,1,2,"S 27 "
4,4,4,"S 27 "
3,1,3,"S 27 "
1,1,1,"S 27 "
4,4,3,"S 27 "
4,3,2,"S 27 "
3,3,3,"S 27 "
3,NA,2,"S 28 "
3,3,2,"S 28 "
4,2,3,"S 28 "
4,4,2,"S 28 "
3,4,4,"S 28 "
4,4,3,"S 28 "
4,2,3,"S 28 "
4,2,1,"S 28 "
4,4,4,"S 28 "
3,1,2,"S 28 "
4,3,4,"S 28 "
4,4,4,"S 28 "
2,2,1,"S 28 "
4,4,4,"S 28 "
2,NA,2,"S 28 "
4,2,4,"S 28 "
4,4,4,"S 28 "
4,4,3,"S 28 "
3,4,3,"S 28 "
4,4,4,"S 28 "
3,4,3,"S 28 "
4,4,3,"S 28 "
3,2,3,"S 28 "
4,4,3,"S 28 "
3,4,2,"S 28 "
4,4,4,"S 28 "
4,4,4,"S 28 "
2,2,2,"S 28 "
4,2,3,"S 28 "
4,1,4,"S 28 "
4,3,3,"S 28 "
4,1,3,"S 28 "
4,4,4,"S 28 "
4,3,4,"S 28 "
1,1,2,"S 28 "
2,3,4,"S 28 "
2,1,4,"S 28 "
4,4,4,"S 28 "
4,4,4,"S 28 "
4,4,4,"S 28 "
4,4,4,"S 28 "
4,4,4,"S 28 "
3,2,1,"S 28 "
4,4,4,"S 28 "
4,2,3,"S 28 "
4,4,3,"S 28 "
3,1,1,"S 28 "
4,4,4,"S 28 "
2,1,2,"S 28 "
4,4,4,"S 28 "
3,1,4,"S 28 "
4,3,4,"S 28 "
3,3,2,"S 28 "
4,3,4,"S 28 "
4,2,2,"S 28 "
4,4,4,"S 28 "
3,4,2,"S 28 "
2,1,1,"S 28 "
4,4,4,"S 28 "
4,3,3,"S 28 "
4,2,3,"S 28 "
4,4,3,"S 28 "
4,4,4,"S 28 "
1,3,1,"S 28 "
1,1,3,"S 29 "
1,1,4,"S 29 "
2,4,2,"S 29 "
3,4,4,"S 29 "
3,4,4,"S 29 "
3,3,2,"S 29 "
2,1,3,"S 29 "
3,2,1,"S 29 "
3,4,4,"S 29 "
4,4,4,"S 29 "
2,1,4,"S 29 "
3,3,3,"S 29 "
2,2,2,"S 29 "
3,4,3,"S 29 "
3,3,3,"S 29 "
1,2,3,"S 29 "
3,4,4,"S 29 "
3,4,3,"S 29 "
4,2,3,"S 29 "
3,4,4,"S 29 "
2,3,4,"S 29 "
2,3,3,"S 29 "
3,1,3,"S 29 "
3,2,2,"S 29 "
3,4,4,"S 29 "
3,2,4,"S 29 "
3,3,3,"S 29 "
3,4,4,"S 29 "
3,1,3,"S 29 "
2,2,3,"S 29 "
3,2,2,"S 29 "
2,2,3,"S 29 "
3,2,3,"S 29 "
4,2,4,"S 29 "
3,2,4,"S 29 "
2,2,3,"S 29 "
3,3,3,"S 29 "
3,4,4,"S 29 "
3,2,4,"S 29 "
2,1,4,"S 29 "
4,4,4,"S 29 "
4,4,4,"S 29 "
2,1,2,"S 29 "
3,2,4,"S 29 "
2,2,4,"S 29 "
2,2,2,"S 29 "
4,4,4,"S 29 "
3,3,4,"S 29 "
2,2,4,"S 29 "
3,4,4,"S 29 "
3,2,3,"S 29 "
4,4,4,"S 29 "
3,4,NA,"S 29 "
3,1,2,"S 29 "
3,2,4,"S 29 "
4,3,4,"S 29 "
1,4,4,"S 29 "
3,1,4,"S 29 "
4,4,4,"S 29 "
2,1,4,"S 29 "
3,2,4,"S 29 "
4,4,4,"S 29 "
4,4,4,"S 29 "
3,1,4,"S 29 "
1,1,3,"S 31 "
3,3,3,"S 31 "
4,1,1,"S 31 "
3,4,4,"S 31 "
3,4,4,"S 31 "
3,2,3,"S 31 "
2,1,3,"S 31 "
3,1,2,"S 31 "
2,4,3,"S 31 "
2,4,3,"S 31 "
2,1,2,"S 31 "
1,2,1,"S 31 "
2,2,3,"S 31 "
3,4,4,"S 31 "
1,2,1,"S 31 "
1,1,2,"S 31 "
2,3,4,"S 31 "
3,4,2,"S 31 "
NA,2,3,"S 31 "
3,3,2,"S 31 "
3,2,2,"S 31 "
2,3,1,"S 31 "
3,3,2,"S 31 "
3,3,3,"S 31 "
3,2,2,"S 31 "
2,3,3,"S 31 "
3,3,2,"S 31 "
3,2,3,"S 31 "
4,1,3,"S 31 "
2,2,2,"S 31 "
3,3,3,"S 31 "
NA,1,3,"S 31 "
2,3,2,"S 31 "
2,1,2,"S 31 "
2,1,2,"S 31 "
3,1,1,"S 31 "
2,1,3,"S 31 "
1,3,2,"S 31 "
1,1,2,"S 31 "
2,2,3,"S 31 "
1,2,2,"S 31 "
3,2,2,"S 31 "
3,2,3,"S 31 "
1,2,4,"S 31 "
NA,1,4,"S 31 "
2,4,3,"S 31 "
1,1,3,"S 31 "
3,3,3,"S 31 "
2,1,2,"S 31 "
1,2,1,"S 31 "
1,1,2,"S 31 "
2,2,2,"S 31 "
3,2,2,"S 31 "
2,1,2,"S 31 "
1,2,1,"S 31 "
1,2,2,"S 31 "
2,4,3,"S 31 "
2,1,3,"S 31 "
4,4,4,"S 31 "
1,1,3,"S 31 "
2,1,2,"S 31 "
1,1,1,"S 31 "
2,4,3,"S 31 "
2,2,2,"S 31 "
4,3,4,"S 32 "
1,1,2,"S 32 "
4,4,4,"S 32 "
4,4,4,"S 32 "
4,3,4,"S 32 "
4,2,2,"S 32 "
4,1,4,"S 32 "
3,1,4,"S 32 "
1,3,4,"S 32 "
4,2,4,"S 32 "
4,1,4,"S 32 "
4,4,4,"S 32 "
3,1,4,"S 32 "
4,4,4,"S 32 "
1,1,1,"S 32 "
2,1,4,"S 32 "
4,2,3,"S 32 "
1,1,4,"S 32 "
4,1,4,"S 32 "
1,1,1,"S 32 "
3,1,1,"S 32 "
1,1,1,"S 32 "
4,1,4,"S 32 "
3,3,3,"S 32 "
4,1,3,"S 32 "
3,1,1,"S 32 "
4,4,4,"S 32 "
4,4,4,"S 32 "
1,1,4,"S 32 "
3,1,4,"S 32 "
2,1,1,"S 32 "
4,1,4,"S 32 "
2,2,3,"S 32 "
2,1,4,"S 32 "
4,3,3,"S 32 "
2,1,2,"S 32 "
3,1,3,"S 32 "
4,4,3,"S 32 "
4,1,2,"S 32 "
4,1,1,"S 32 "
4,4,4,"S 32 "
3,2,2,"S 32 "
4,1,3,"S 32 "
4,1,4,"S 32 "
1,1,1,"S 32 "
NA,1,1,"S 32 "
4,3,4,"S 32 "
4,4,4,"S 32 "
4,2,3,"S 32 "
4,4,4,"S 32 "
1,1,2,"S 32 "
2,2,2,"S 32 "
1,1,1,"S 32 "
1,3,2,"S 32 "
4,2,3,"S 32 "
3,4,4,"S 32 "
1,2,1,"S 32 "
1,1,3,"S 32 "
4,4,4,"S 32 "
4,1,4,"S 32 "
2,1,4,"S 32 "
2,3,2,"S 32 "
4,3,1,"S 32 "
2,1,1,"S 32 "
1,4,1,"S 33 "
4,4,4,"S 33 "
1,1,1,"S 33 "
2,1,1,"S 33 "
4,3,2,"S 33 "
1,1,1,"S 33 "
2,2,3,"S 33 "
1,1,2,"S 33 "
4,3,4,"S 33 "
1,2,1,"S 33 "
2,4,2,"S 33 "
2,4,2,"S 33 "
1,4,1,"S 33 "
3,4,4,"S 33 "
1,2,2,"S 33 "
1,1,2,"S 33 "
1,4,1,"S 33 "
2,3,1,"S 33 "
1,1,1,"S 33 "
4,4,4,"S 33 "
2,1,1,"S 33 "
1,2,1,"S 33 "
1,1,1,"S 33 "
2,2,2,"S 33 "
1,2,2,"S 33 "
3,4,4,"S 33 "
1,1,1,"S 33 "
1,3,3,"S 33 "
1,2,4,"S 33 "
1,1,1,"S 33 "
3,3,3,"S 33 "
1,2,1,"S 33 "
1,3,3,"S 33 "
1,1,1,"S 33 "
2,1,4,"S 33 "
1,2,1,"S 33 "
2,1,2,"S 33 "
4,4,4,"S 33 "
3,1,3,"S 33 "
1,2,2,"S 33 "
4,3,3,"S 33 "
2,4,4,"S 33 "
4,2,2,"S 33 "
1,1,4,"S 33 "
1,1,1,"S 33 "
1,1,1,"S 33 "
2,4,2,"S 33 "
3,2,2,"S 33 "
1,3,1,"S 33 "
1,2,2,"S 33 "
1,3,1,"S 33 "
3,1,2,"S 33 "
1,1,1,"S 33 "
1,1,1,"S 33 "
1,1,1,"S 33 "
3,4,2,"S 33 "
2,1,1,"S 33 "
1,1,1,"S 33 "
1,3,3,"S 33 "
1,1,3,"S 33 "
2,1,1,"S 33 "
1,4,3,"S 33 "
4,2,4,"S 33 "
1,1,3,"S 33 "
4,2,3,"S 34 "
2,4,2,"S 34 "
4,NA,3,"S 34 "
3,3,4,"S 34 "
2,3,3,"S 34 "
2,1,3,"S 34 "
4,1,3,"S 34 "
3,1,NA,"S 34 "
3,2,4,"S 34 "
3,4,4,"S 34 "
2,1,3,"S 34 "
4,3,2,"S 34 "
3,2,4,"S 34 "
4,4,4,"S 34 "
2,3,3,"S 34 "
NA,1,4,"S 34 "
2,2,3,"S 34 "
4,4,4,"S 34 "
4,1,4,"S 34 "
3,4,4,"S 34 "
3,1,4,"S 34 "
2,1,4,"S 34 "
2,1,3,"S 34 "
2,3,2,"S 34 "
4,4,3,"S 34 "
2,2,3,"S 34 "
4,4,4,"S 34 "
3,3,3,"S 34 "
3,2,3,"S 34 "
3,1,4,"S 34 "
4,4,4,"S 34 "
3,1,2,"S 34 "
4,4,4,"S 34 "
3,1,4,"S 34 "
4,2,3,"S 34 "
3,3,3,"S 34 "
4,2,3,"S 34 "
3,3,2,"S 34 "
2,2,2,"S 34 "
2,2,2,"S 34 "
4,3,2,"S 34 "
4,3,3,"S 34 "
2,2,3,"S 34 "
4,3,2,"S 34 "
4,2,4,"S 34 "
3,3,1,"S 34 "
4,4,3,"S 34 "
3,4,4,"S 34 "
1,1,3,"S 34 "
3,3,4,"S 34 "
3,1,4,"S 34 "
3,4,4,"S 34 "
3,3,4,"S 34 "
NA,1,2,"S 34 "
4,2,4,"S 34 "
3,3,3,"S 34 "
4,4,3,"S 34 "
2,1,3,"S 34 "
4,3,3,"S 34 "
2,1,4,"S 34 "
3,3,1,"S 34 "
3,3,4,"S 34 "
4,4,4,"S 34 "
3,1,4,"S 34 "
3,3,4,"S 35 "
4,4,2,"S 35 "
3,2,4,"S 35 "
1,2,3,"S 35 "
4,4,4,"S 35 "
2,1,2,"S 35 "
NA,2,2,"S 35 "
3,1,2,"S 35 "
2,1,3,"S 35 "
4,4,4,"S 35 "
4,3,3,"S 35 "
4,4,4,"S 35 "
2,3,3,"S 35 "
3,3,2,"S 35 "
3,3,4,"S 35 "
3,3,4,"S 35 "
2,2,4,"S 35 "
4,4,4,"S 35 "
2,2,4,"S 35 "
4,4,4,"S 35 "
2,2,2,"S 35 "
3,2,3,"S 35 "
2,1,2,"S 35 "
1,4,4,"S 35 "
3,3,4,"S 35 "
3,1,4,"S 35 "
3,2,3,"S 35 "
4,3,4,"S 35 "
3,2,4,"S 35 "
2,1,3,"S 35 "
2,2,3,"S 35 "
3,4,4,"S 35 "
3,4,4,"S 35 "
4,4,4,"S 35 "
4,1,4,"S 35 "
4,4,4,"S 35 "
3,1,3,"S 35 "
2,2,4,"S 35 "
2,3,3,"S 35 "
3,1,3,"S 35 "
4,4,4,"S 35 "
3,4,4,"S 35 "
3,2,2,"S 35 "
3,3,2,"S 35 "
3,4,2,"S 35 "
3,2,3,"S 35 "
3,1,4,"S 35 "
4,3,4,"S 35 "
1,4,4,"S 35 "
3,2,4,"S 35 "
2,1,2,"S 35 "
3,1,3,"S 35 "
3,4,4,"S 35 "
3,2,3,"S 35 "
3,2,3,"S 35 "
3,2,3,"S 35 "
3,2,4,"S 35 "
3,3,2,"S 35 "
2,2,3,"S 35 "
3,1,4,"S 35 "
3,4,3,"S 35 "
4,4,4,"S 35 "
2,1,3,"S 35 "
3,2,3,"S 35 "
2,2,2,"S 36 "
4,4,3,"S 36 "
2,2,3,"S 36 "
3,3,3,"S 36 "
3,2,3,"S 36 "
3,2,2,"S 36 "
3,2,2,"S 36 "
2,3,2,"S 36 "
3,4,4,"S 36 "
3,2,2,"S 36 "
3,NA,2,"S 36 "
4,3,3,"S 36 "
2,1,2,"S 36 "
3,2,3,"S 36 "
3,3,1,"S 36 "
3,2,3,"S 36 "
3,3,4,"S 36 "
3,3,2,"S 36 "
2,2,2,"S 36 "
4,3,2,"S 36 "
2,1,3,"S 36 "
3,2,3,"S 36 "
3,2,3,"S 36 "
4,4,3,"S 36 "
3,2,2,"S 36 "
2,1,2,"S 36 "
3,4,3,"S 36 "
3,2,3,"S 36 "
2,2,3,"S 36 "
3,1,2,"S 36 "
2,3,2,"S 36 "
3,2,3,"S 36 "
3,4,4,"S 36 "
3,1,3,"S 36 "
3,3,2,"S 36 "
NA,3,2,"S 36 "
2,1,3,"S 36 "
3,4,4,"S 36 "
2,2,NA,"S 36 "
2,3,3,"S 36 "
4,4,3,"S 36 "
3,4,3,"S 36 "
1,2,1,"S 36 "
3,2,2,"S 36 "
3,2,3,"S 36 "
2,3,2,"S 36 "
3,3,1,"S 36 "
2,4,2,"S 36 "
2,1,2,"S 36 "
3,4,4,"S 36 "
1,1,2,"S 36 "
3,3,1,"S 36 "
4,3,3,"S 36 "
1,2,2,"S 36 "
3,2,3,"S 36 "
2,3,2,"S 36 "
3,3,2,"S 36 "
3,1,3,"S 36 "
3,3,3,"S 36 "
3,1,2,"S 36 "
4,2,3,"S 36 "
4,3,2,"S 36 "
3,4,4,"S 36 "
3,1,2,"S 36 "
